{
  "objs": [
    {
      "type": "Cube",
      "faces": [
        [
          0,
          1,
          3,
          2
        ],
        [
          2,
          3,
          7,
          6
        ],
        [
          6,
          7,
          5,
          4
        ],
        [
          4,
          5,
          1,
          0
        ],
        [
          2,
          6,
          4,
          0
        ],
        [
          7,
          3,
          1,
          5
        ]
      ],
      "normals": [
        [
          -1,
          0,
          0
        ],
        [
          0,
          0,
          -1
        ],
        [
          1,
          0,
          0
        ],
        [
          0,
          0,
          1
        ],
        [
          0,
          -1,
          0
        ],
        [
          0,
          1,
          0
        ]
      ],
      "color": [
        0.041983,
        0.64,
        0.033234
      ]
    },
    {
      "type": "Cube",
      "faces": [
        [
          8,
          9,
          11,
          10
        ],
        [
          10,
          11,
          15,
          14
        ],
        [
          14,
          15,
          13,
          12
        ],
        [
          12,
          13,
          9,
          8
        ],
        [
          10,
          14,
          12,
          8
        ],
        [
          15,
          11,
          9,
          13
        ]
      ],
      "normals": [
        [
          -1,
          0,
          0
        ],
        [
          0,
          0,
          -1
        ],
        [
          1,
          0,
          0
        ],
        [
          0,
          0,
          1
        ],
        [
          0,
          -1,
          0
        ],
        [
          0,
          1,
          0
        ]
      ],
      "color": [
        0,
        0.004344,
        0.64
      ]
    },
    {
      "type": "Plane",
      "faces": [
        [
          16,
          17,
          19,
          18
        ]
      ],
      "normals": [
        [
          0,
          1,
          0
        ]
      ],
      "color": [
        0.041983,
        0.64,
        0.033234
      ]
    },
    {
      "type": "Cube",
      "faces": [
        [
          20,
          21,
          22,
          23
        ],
        [
          24,
          27,
          26,
          25
        ],
        [
          20,
          24,
          25,
          21
        ],
        [
          21,
          25,
          26,
          22
        ],
        [
          22,
          26,
          27,
          23
        ],
        [
          24,
          20,
          23,
          27
        ]
      ],
      "normals": [
        [
          0,
          -1,
          0
        ],
        [
          0,
          1,
          0
        ],
        [
          1,
          0,
          0
        ],
        [
          0,
          0,
          1
        ],
        [
          -1,
          0,
          0
        ],
        [
          0,
          0,
          -1
        ]
      ],
      "color": [
        0.64,
        0,
        0.032095
      ]
    }
  ],
  "vertices": [
    [
      -3.209481,
      -1.684433,
      -7.113663
    ],
    [
      -3.209481,
      0.315567,
      -7.113663
    ],
    [
      -3.209481,
      -1.684433,
      -9.113663
    ],
    [
      -3.209481,
      0.315567,
      -9.113663
    ],
    [
      -1.209481,
      -1.684433,
      -7.113663
    ],
    [
      -1.209481,
      0.315567,
      -7.113663
    ],
    [
      -1.209481,
      -1.684433,
      -9.113663
    ],
    [
      -1.209481,
      0.315567,
      -9.113663
    ],
    [
      3.697406,
      -0.857425,
      0.212933
    ],
    [
      3.697406,
      1.142575,
      0.212933
    ],
    [
      3.697406,
      -0.857425,
      -1.787067
    ],
    [
      3.697406,
      1.142575,
      -1.787067
    ],
    [
      5.697406,
      -0.857425,
      0.212933
    ],
    [
      5.697406,
      1.142575,
      0.212933
    ],
    [
      5.697406,
      -0.857425,
      -1.787067
    ],
    [
      5.697406,
      1.142575,
      -1.787067
    ],
    [
      -2.911469,
      -0.786111,
      8.119447
    ],
    [
      -0.911469,
      -0.786111,
      8.119447
    ],
    [
      -2.911469,
      -0.786111,
      6.119447
    ],
    [
      -0.911469,
      -0.786111,
      6.119447
    ],
    [
      -5,
      -1,
      -1
    ],
    [
      -5,
      -1,
      1
    ],
    [
      -7,
      -1,
      1
    ],
    [
      -7,
      -1,
      -1
    ],
    [
      -5,
      1,
      -0.999999
    ],
    [
      -5,
      1,
      1.000001
    ],
    [
      -7,
      1,
      1
    ],
    [
      -7,
      1,
      -1
    ]
  ]
}